<?xml version='1.0' encoding='UTF-8'?>
<hudson.plugins.sonar.SonarPublisher_-DescriptorImpl plugin="sonar@2.2.1">
  <installations>
    <hudson.plugins.sonar.SonarInstallation>
      <name>sonar-2.4</name>
      <disabled>false</disabled>
      <serverUrl>http://localhost:9000</serverUrl>
      <mojoVersion>2.6</mojoVersion>
      <databaseUrl></databaseUrl>
      <databaseLogin></databaseLogin>
      <additionalProperties></additionalProperties>
      <triggers>
        <skipScmCause>false</skipScmCause>
        <skipUpstreamCause>false</skipUpstreamCause>
        <envVar></envVar>
      </triggers>
      <sonarLogin></sonarLogin>
      <databaseSecret>B9drDQW647+EmUq2EqljsQ==</databaseSecret>
      <sonarSecret>B9drDQW647+EmUq2EqljsQ==</sonarSecret>
    </hudson.plugins.sonar.SonarInstallation>
  </installations>
</hudson.plugins.sonar.SonarPublisher_-DescriptorImpl>